[L] (nM),Y
270,0.00335035221864285
275,0.0036874559630913277
280,0.004028663098694705
285,0.004062393018670604
290,0.004787851607008857
295,0.00468994201429179
300,0.005338809375801645
305,0.0058879626798917445
310,0.00651253451454301
315,0.006322637286741309
320,0.007287399646857961
325,0.007363305768203083
